lima,ENGLISH 9,US ENVIRONMENTAL HISTORY,CHINESE 5 A.P.,YEARBOOK
ellen,PRE-CALCULUS,ADVANCED TOPICS IN CS,FRENCH 4,YEARBOOK,CHINESE 5 A.P.
daria,ENGLISH 9,US ENVIRONMENTAL HISTORY,PRE-CALCULUS,CHINESE 5 A.P.,YEARBOOK
karti,CHINESE 5 A.P.,ENGLISH 9,US ENVIRONMENTAL HISTORY,PRE-CALCULUS
maddie,PRE-CALCULUS,US ENVIRONMENTAL HISTORY,FRENCH 4,YEARBOOK,CHINESE 5 A.P.,HONORS PHYSICS 1
yanni,FRENCH 4,PRE-CALCULUS,US ENVIRONMENTAL HISTORY,YEARBOOK
anish,PHOTOGRAPHY 1,ADVANCED TOPICS IN CS,CHINESE 5 A.P.,YEARBOOK,FRENCH 4
jack,PRE-CALCULUS,ADVANCED TOPICS IN CS,FRENCH 4,YEARBOOK,HONORS PHYSICS 1
lima2,ENGLISH 9,US ENVIRONMENTAL HISTORY,CHINESE 5 A.P.,YEARBOOK
ellen2,PRE-CALCULUS,ADVANCED TOPICS IN CS,FRENCH 4,YEARBOOK,CHINESE 5 A.P.
daria2,ENGLISH 9,US ENVIRONMENTAL HISTORY,PRE-CALCULUS,CHINESE 5 A.P.,YEARBOOK
karti2,CHINESE 5 A.P.,ENGLISH 9,US ENVIRONMENTAL HISTORY,PRE-CALCULUS
maddie2,PRE-CALCULUS,US ENVIRONMENTAL HISTORY,FRENCH 4,YEARBOOK,CHINESE 5 A.P.,HONORS PHYSICS 1
yanni2,FRENCH 4,PRE-CALCULUS,US ENVIRONMENTAL HISTORY,YEARBOOK
anish2,PHOTOGRAPHY 1,ADVANCED TOPICS IN CS,CHINESE 5 A.P.,YEARBOOK,FRENCH 4
jack2,PRE-CALCULUS,ADVANCED TOPICS IN CS,FRENCH 4,YEARBOOK,HONORS PHYSICS 1
lima3,ENGLISH 9,US ENVIRONMENTAL HISTORY,CHINESE 5 A.P.,YEARBOOK
ellen3,PRE-CALCULUS,ADVANCED TOPICS IN CS,FRENCH 4,YEARBOOK,CHINESE 5 A.P.
daria3,ENGLISH 9,US ENVIRONMENTAL HISTORY,PRE-CALCULUS,CHINESE 5 A.P.,YEARBOOK
karti3,CHINESE 5 A.P.,ENGLISH 9,US ENVIRONMENTAL HISTORY,PRE-CALCULUS
maddie3,PRE-CALCULUS,US ENVIRONMENTAL HISTORY,FRENCH 4,YEARBOOK,CHINESE 5 A.P.,HONORS PHYSICS 1
yanni3,FRENCH 4,PRE-CALCULUS,US ENVIRONMENTAL HISTORY,YEARBOOK
anish3,PHOTOGRAPHY 1,ADVANCED TOPICS IN CS,CHINESE 5 A.P.,YEARBOOK,FRENCH 4
jack3,PRE-CALCULUS,ADVANCED TOPICS IN CS,FRENCH 4,YEARBOOK,HONORS PHYSICS 1
